publication_type,factuality_type,count,total_engagement,average_engagement,share_count,reaction_count,comment_count,rating_num,percent_of_posts
left,mostly true,265,3376622.0,12741.969811320754,2313384.0,3746328.0,253312.0,0,74.64788732394366
left,mixture of true and false,68,1327089.5,19516.022058823528,979944.0,1153774.0,117404.0,1,19.154929577464788
left,mostly false,22,279340.5,12697.295454545454,177355.0,360502.0,23720.0,2,6.197183098591549
mainstream,mostly true,1085,451457.25,416.08963133640555,157798.0,728327.0,223155.0,0,99.26806953339434
mainstream,mixture of true and false,8,29589.75,3698.71875,15758.0,46953.0,4187.0,1,0.7319304666056725
right,mostly true,319,420293.0,1317.5329153605016,265645.0,466888.0,75852.0,0,55.96491228070175
right,mixture of true and false,169,341221.0,2019.0591715976332,229518.0,322282.0,62265.0,1,29.64912280701754
right,mostly false,82,268026.5,3268.6158536585367,190386.0,252698.0,28932.0,2,14.385964912280702
